domain,available,is_2_years
9994vt.org.uk,Yes,
9994vs.org.uk,Yes,No
9994vr.org.uk,Yes,No
9994vq.org.uk,Yes,
9994vp.org.uk,Yes,No
9994vo.org.uk,Yes,No
9994vn.org.uk,Yes,
9994vm.org.uk,Yes,
9994vl.org.uk,Yes,
9994vk.org.uk,Yes,No
9994vj.org.uk,Yes,No
9994vi.org.uk,Yes,No
9994vh.org.uk,Yes,
9994vg.org.uk,Yes,
9994vf.org.uk,Yes,
9994ve.org.uk,Yes,
9994vd.org.uk,Yes,
9994vc.org.uk,Yes,
9994vb.org.uk,Yes,No
9994va.org.uk,Yes,No
9994u9.org.uk,Yes,
9994u8.org.uk,Yes,
9994u7.org.uk,Yes,
9994u6.org.uk,Yes,No
9994u5.org.uk,Yes,No
9994u4.org.uk,Yes,
9994u3.org.uk,Yes,
9994u2.org.uk,Yes,No
9994u1.org.uk,Yes,No
9994u0.org.uk,Yes,No
9994uz.org.uk,Yes,
9994uy.org.uk,Yes,
9994ux.org.uk,Yes,
9994uw.org.uk,Yes,
9994uv.org.uk,Yes,
9994uu.org.uk,Yes,
9994ut.org.uk,Yes,
9994us.org.uk,Yes,
9994ur.org.uk,Yes,No
9994uq.org.uk,Yes,No
9994up.org.uk,Yes,
9994uo.org.uk,Yes,
9994un.org.uk,Yes,
9994um.org.uk,Yes,
9994ul.org.uk,Yes,
9994uk.org.uk,Yes,
9994uj.org.uk,Yes,No
9994ui.org.uk,Yes,No
9994uh.org.uk,Yes,No
9994ug.org.uk,Yes,No
9994uf.org.uk,Yes,No
9994ue.org.uk,Yes,
9994ud.org.uk,Yes,
9994uc.org.uk,Yes,
9994ub.org.uk,Yes,
9994ua.org.uk,Yes,No
9994t9.org.uk,Yes,No
9994t8.org.uk,Yes,No
9994t7.org.uk,Yes,No
9994t6.org.uk,Yes,
9994t5.org.uk,Yes,
9994t4.org.uk,Yes,
9994t3.org.uk,Yes,
9994t2.org.uk,Yes,No
9994t1.org.uk,Yes,No
9994t0.org.uk,Yes,
9994tz.org.uk,Yes,No
9994ty.org.uk,Yes,
9994tx.org.uk,Yes,No
9994tw.org.uk,Yes,No
9994tv.org.uk,Yes,
9994tu.org.uk,Yes,No
9994tt.org.uk,Yes,No
9994ts.org.uk,Yes,
9994tr.org.uk,Yes,
9994tq.org.uk,,No
9994tp.org.uk,,
9994to.org.uk,,
9994tn.org.uk,,
9994tm.org.uk,,No
9994tl.org.uk,Yes,
9994tk.org.uk,Yes,
9994tj.org.uk,Yes,
9994ti.org.uk,Yes,
9994th.org.uk,Yes,No
9994tg.org.uk,Yes,No
9994tf.org.uk,Yes,
9994te.org.uk,Yes,
9994td.org.uk,Yes,No
9994tc.org.uk,Yes,
9994tb.org.uk,Yes,
9994ta.org.uk,Yes,
9994s9.org.uk,Yes,No
9994s8.org.uk,Yes,No
9994s7.org.uk,Yes,
9994s6.org.uk,Yes,No
9994s5.org.uk,Yes,No
9994s4.org.uk,Yes,
9994s3.org.uk,Yes,
9994s2.org.uk,Yes,No
9994s1.org.uk,Yes,No
9994s0.org.uk,Yes,
9994sz.org.uk,Yes,
9994sy.org.uk,Yes,
9994sx.org.uk,Yes,No
9994sw.org.uk,,
9994sv.org.uk,,No
9994su.org.uk,,
9994st.org.uk,,
9994ss.org.uk,,
9994sr.org.uk,Yes,No
9994sq.org.uk,Yes,
9994sp.org.uk,Yes,
9994so.org.uk,Yes,
9994sn.org.uk,Yes,
9994sm.org.uk,Yes,
9994sl.org.uk,Yes,
9994sk.org.uk,Yes,
9994sj.org.uk,Yes,No
9994si.org.uk,Yes,
9994sh.org.uk,Yes,No
9994sg.org.uk,Yes,
9994sf.org.uk,Yes,
9994se.org.uk,Yes,
9994sd.org.uk,Yes,No
9994sc.org.uk,Yes,No
9994sb.org.uk,Yes,No
9994sa.org.uk,Yes,
9994r9.org.uk,Yes,No
9994r8.org.uk,Yes,No
9994r7.org.uk,Yes,No
9994r6.org.uk,Yes,No
9994r5.org.uk,Yes,
9994r4.org.uk,Yes,
9994r3.org.uk,Yes,
9994r2.org.uk,Yes,
9994r1.org.uk,Yes,
9994r0.org.uk,Yes,
9994rz.org.uk,Yes,
9994ry.org.uk,Yes,
9994rx.org.uk,Yes,No
9994rw.org.uk,Yes,No
9994rv.org.uk,Yes,
9994ru.org.uk,Yes,
9994rt.org.uk,Yes,
9994rs.org.uk,Yes,
9994rr.org.uk,Yes,
9994rq.org.uk,Yes,
9994rp.org.uk,Yes,No
9994ro.org.uk,Yes,No
9994rn.org.uk,Yes,
9994rm.org.uk,Yes,
9994rl.org.uk,Yes,No
9994rk.org.uk,Yes,
9994rj.org.uk,Yes,No
9994ri.org.uk,Yes,
9994rh.org.uk,Yes,
9994rg.org.uk,Yes,
9994rf.org.uk,Yes,No
9994re.org.uk,Yes,No
9994rd.org.uk,Yes,No
9994rc.org.uk,Yes,No
9994rb.org.uk,Yes,
9994ra.org.uk,Yes,No
9994q9.org.uk,Yes,No
9994q8.org.uk,Yes,
9994q7.org.uk,Yes,
9994q6.org.uk,Yes,No
9994q5.org.uk,Yes,
9994q4.org.uk,Yes,
9994q3.org.uk,Yes,
9994q2.org.uk,Yes,No
9994q1.org.uk,Yes,No
9994q0.org.uk,Yes,No
9994qz.org.uk,Yes,No
9994qy.org.uk,Yes,
9994qx.org.uk,Yes,No
9994qw.org.uk,Yes,
9994qv.org.uk,Yes,
9994qu.org.uk,Yes,No
9994qt.org.uk,Yes,
9994qs.org.uk,Yes,
9994qr.org.uk,Yes,No
9994qq.org.uk,Yes,
9994qp.org.uk,Yes,
9994qo.org.uk,Yes,
9994qn.org.uk,Yes,
9994qm.org.uk,Yes,
9994ql.org.uk,Yes,No
9994qk.org.uk,Yes,
9994qj.org.uk,Yes,
9994qi.org.uk,Yes,
9994qh.org.uk,Yes,
9994qg.org.uk,Yes,
9994qf.org.uk,Yes,No
9994qe.org.uk,Yes,
9994qd.org.uk,Yes,
9994qc.org.uk,Yes,
9994qb.org.uk,Yes,
9994qa.org.uk,Yes,No
9994p9.org.uk,Yes,
9994p8.org.uk,Yes,
9994p7.org.uk,Yes,No
9994p6.org.uk,Yes,No
9994p5.org.uk,Yes,No
9994p4.org.uk,Yes,No
9994p3.org.uk,Yes,
9994p2.org.uk,Yes,
9994p1.org.uk,Yes,
9994p0.org.uk,Yes,
9994pz.org.uk,Yes,
9994py.org.uk,Yes,
9994px.org.uk,Yes,
9994pw.org.uk,Yes,
9994pv.org.uk,Yes,No
9994pu.org.uk,Yes,No
9994pt.org.uk,Yes,No
9994ps.org.uk,Yes,
9994pr.org.uk,Yes,
9994pq.org.uk,Yes,
9994pp.org.uk,Yes,
9994po.org.uk,Yes,No
9994pn.org.uk,Yes,
9994pm.org.uk,Yes,No
9994pl.org.uk,Yes,No
9994pk.org.uk,Yes,No
9994pj.org.uk,Yes,
9994pi.org.uk,Yes,
9994ph.org.uk,Yes,
9994pg.org.uk,Yes,No
9994pf.org.uk,Yes,
9994pe.org.uk,Yes,
9994pd.org.uk,Yes,
9994pc.org.uk,Yes,
9994pb.org.uk,Yes,No
9994pa.org.uk,Yes,
9994o9.org.uk,Yes,No
9994o8.org.uk,Yes,No
9994o7.org.uk,Yes,
9994o6.org.uk,Yes,
9994o5.org.uk,Yes,
9994o4.org.uk,Yes,
9994o3.org.uk,Yes,
9994o2.org.uk,Yes,
9994o1.org.uk,Yes,No
9994o0.org.uk,Yes,No
9994oz.org.uk,Yes,No
9994oy.org.uk,Yes,
9994ox.org.uk,Yes,
9994ow.org.uk,Yes,No
9994ov.org.uk,Yes,
9994ou.org.uk,Yes,
9994ot.org.uk,Yes,
9994os.org.uk,Yes,
9994or.org.uk,Yes,
9994oq.org.uk,Yes,
9994op.org.uk,Yes,No
9994oo.org.uk,Yes,
9994on.org.uk,Yes,No
9994om.org.uk,Yes,
9994ol.org.uk,Yes,
9994ok.org.uk,Yes,
9994oj.org.uk,Yes,
9994oi.org.uk,Yes,
9994oh.org.uk,Yes,No
9994og.org.uk,Yes,No
9994of.org.uk,Yes,No
9994oe.org.uk,Yes,
9994od.org.uk,Yes,
9994oc.org.uk,Yes,
9994ob.org.uk,Yes,No
9994oa.org.uk,Yes,
9994n9.org.uk,Yes,No
9994n8.org.uk,Yes,
9994n7.org.uk,Yes,No
9994n6.org.uk,Yes,No
9994n5.org.uk,Yes,No
9994n4.org.uk,Yes,
9994n3.org.uk,Yes,
9994n2.org.uk,Yes,
9994n1.org.uk,Yes,
9994n0.org.uk,Yes,
9994nz.org.uk,Yes,
9994ny.org.uk,Yes,
9994nx.org.uk,Yes,No
9994nw.org.uk,Yes,
9994nv.org.uk,Yes,
9994nu.org.uk,Yes,No
9994nt.org.uk,Yes,
9994ns.org.uk,Yes,
9994nr.org.uk,Yes,
9994nq.org.uk,Yes,
9994np.org.uk,Yes,
9994no.org.uk,Yes,
9994nn.org.uk,Yes,No
9994nm.org.uk,Yes,
9994nl.org.uk,Yes,
9994nk.org.uk,Yes,No
9994nj.org.uk,Yes,No
9994ni.org.uk,Yes,No
9994nh.org.uk,Yes,
9994ng.org.uk,Yes,
9994nf.org.uk,Yes,No
9994ne.org.uk,Yes,
9994nd.org.uk,Yes,
9994nc.org.uk,Yes,
9994nb.org.uk,Yes,
9994na.org.uk,Yes,No
9994m9.org.uk,Yes,
9994m8.org.uk,Yes,No
9994m7.org.uk,Yes,
9994m6.org.uk,Yes,
9994m5.org.uk,Yes,
9994m4.org.uk,Yes,No
9994m3.org.uk,Yes,
9994m2.org.uk,Yes,
9994m1.org.uk,Yes,
9994m0.org.uk,Yes,
9994mz.org.uk,Yes,No
9994my.org.uk,Yes,No
9994mx.org.uk,Yes,No
9994mw.org.uk,Yes,No
9994mv.org.uk,Yes,
9994mu.org.uk,Yes,No
9994mt.org.uk,Yes,No
9994ms.org.uk,Yes,No
9994mr.org.uk,Yes,
9994mq.org.uk,Yes,
9994mp.org.uk,Yes,No
9994mo.org.uk,Yes,
9994mn.org.uk,Yes,
9994mm.org.uk,Yes,
9994ml.org.uk,Yes,No
9994mk.org.uk,Yes,
9994mj.org.uk,Yes,No
9994mi.org.uk,Yes,
9994mh.org.uk,Yes,
9994mg.org.uk,Yes,
9994mf.org.uk,Yes,
9994me.org.uk,Yes,
9994md.org.uk,Yes,No
9994mc.org.uk,Yes,
9994mb.org.uk,Yes,
9994ma.org.uk,Yes,
9994l9.org.uk,Yes,No
9994l8.org.uk,Yes,No
9994l7.org.uk,Yes,
9994l6.org.uk,Yes,
9994l5.org.uk,Yes,
9994l4.org.uk,Yes,
9994l3.org.uk,Yes,
9994l2.org.uk,Yes,No
9994l1.org.uk,Yes,No
9994l0.org.uk,Yes,
9994lz.org.uk,Yes,
9994ly.org.uk,Yes,
9994lx.org.uk,Yes,No
9994lw.org.uk,Yes,No
9994lv.org.uk,Yes,No
9994lu.org.uk,Yes,No
9994lt.org.uk,Yes,No
9994ls.org.uk,Yes,No
9994lr.org.uk,Yes,
9994lq.org.uk,Yes,
9994lp.org.uk,Yes,
9994lo.org.uk,Yes,
9994ln.org.uk,Yes,No
9994lm.org.uk,Yes,No
9994ll.org.uk,Yes,No
9994lk.org.uk,Yes,No
9994lj.org.uk,Yes,
9994li.org.uk,Yes,No
9994lh.org.uk,Yes,No
9994lg.org.uk,Yes,
9994lf.org.uk,Yes,No
9994le.org.uk,Yes,No
9994ld.org.uk,Yes,
9994lc.org.uk,Yes,No
9994lb.org.uk,Yes,
9994la.org.uk,Yes,
9994k9.org.uk,,No
9994k8.org.uk,,No
9994k7.org.uk,,No
9994k6.org.uk,,
9994k5.org.uk,,
9994k4.org.uk,Yes,No
9994k3.org.uk,Yes,
9994k2.org.uk,Yes,
9994k1.org.uk,Yes,No
9994k0.org.uk,Yes,
9994kz.org.uk,,No
9994ky.org.uk,,No
9994kx.org.uk,,No
9994kw.org.uk,,No
9994kv.org.uk,,No
9994ku.org.uk,,No
9994kt.org.uk,,No
9994ks.org.uk,,
9994kr.org.uk,,
9994kq.org.uk,Yes,
9994kp.org.uk,Yes,
9994ko.org.uk,Yes,No
9994kn.org.uk,Yes,
9994km.org.uk,Yes,No
9994kl.org.uk,Yes,
9994kk.org.uk,Yes,
9994kj.org.uk,Yes,
9994ki.org.uk,Yes,No
9994kh.org.uk,Yes,
9994kg.org.uk,Yes,
9994kf.org.uk,Yes,
9994ke.org.uk,Yes,No
9994kd.org.uk,Yes,
9994kc.org.uk,Yes,No
9994kb.org.uk,Yes,No
9994ka.org.uk,Yes,
9994j9.org.uk,Yes,
9994j8.org.uk,Yes,No
9994j7.org.uk,Yes,No
9994j6.org.uk,Yes,
9994j5.org.uk,Yes,
9994j4.org.uk,Yes,
9994j3.org.uk,Yes,No
9994j2.org.uk,Yes,No
9994j1.org.uk,Yes,
9994j0.org.uk,Yes,No
9994jz.org.uk,Yes,
9994jy.org.uk,Yes,No
9994jx.org.uk,Yes,No
9994jw.org.uk,Yes,
9994jv.org.uk,Yes,No
9994ju.org.uk,Yes,
9994jt.org.uk,Yes,
9994js.org.uk,Yes,No
9994jr.org.uk,Yes,No
9994jq.org.uk,Yes,No
9994jp.org.uk,Yes,
9994jo.org.uk,Yes,No
9994jn.org.uk,Yes,No
9994jm.org.uk,Yes,
9994jl.org.uk,Yes,
9994jk.org.uk,Yes,No
9994jj.org.uk,Yes,No
9994ji.org.uk,Yes,
9994jh.org.uk,Yes,No
9994jg.org.uk,Yes,No
9994jf.org.uk,Yes,
9994je.org.uk,Yes,
9994jd.org.uk,Yes,No
9994jc.org.uk,Yes,No
9994jb.org.uk,Yes,No
9994ja.org.uk,Yes,No
9994i9.org.uk,Yes,
9994i8.org.uk,Yes,
9994i7.org.uk,Yes,
9994i6.org.uk,Yes,
9994i5.org.uk,Yes,No
9994i4.org.uk,Yes,No
9994i3.org.uk,Yes,
9994i2.org.uk,Yes,No
9994i1.org.uk,Yes,
9994i0.org.uk,Yes,
9994iz.org.uk,Yes,No
9994iy.org.uk,,
9994ix.org.uk,,
9994iw.org.uk,Yes,
9994iv.org.uk,Yes,
9994iu.org.uk,Yes,
9994it.org.uk,Yes,No
9994is.org.uk,Yes,No
9994ir.org.uk,,No
9994iq.org.uk,,
9994ip.org.uk,,No
9994io.org.uk,,
9994in.org.uk,,No
9994im.org.uk,Yes,No
9994il.org.uk,Yes,
9994ik.org.uk,Yes,No
9994ij.org.uk,Yes,No
9994ii.org.uk,Yes,No
9994ih.org.uk,Yes,No
9994ig.org.uk,Yes,
9994if.org.uk,Yes,No
9994ie.org.uk,Yes,No
9994id.org.uk,Yes,
9994ic.org.uk,Yes,No
9994ib.org.uk,Yes,No
9994ia.org.uk,Yes,No
9994h9.org.uk,Yes,No
9994h8.org.uk,Yes,No
9994h7.org.uk,Yes,No
9994h6.org.uk,Yes,No
9994h5.org.uk,Yes,No
9994h4.org.uk,Yes,No
9994h3.org.uk,Yes,No
9994h2.org.uk,Yes,
9994h1.org.uk,Yes,No
9994h0.org.uk,Yes,
9994hz.org.uk,Yes,
9994hy.org.uk,Yes,
9994hx.org.uk,Yes,
9994hw.org.uk,Yes,No
9994hv.org.uk,Yes,No
9994hu.org.uk,Yes,No
9994ht.org.uk,Yes,
9994hs.org.uk,Yes,No
9994hr.org.uk,Yes,No
9994hq.org.uk,Yes,No
9994hp.org.uk,Yes,
9994ho.org.uk,Yes,
9994hn.org.uk,Yes,No
9994hm.org.uk,Yes,
9994hl.org.uk,Yes,No
9994hk.org.uk,,No
9994hj.org.uk,Yes,No
9994hi.org.uk,Yes,No
9994hh.org.uk,Yes,
9994hg.org.uk,Yes,
9994hf.org.uk,Yes,No
9994he.org.uk,Yes,No
9994hd.org.uk,Yes,No
9994hc.org.uk,Yes,
9994hb.org.uk,Yes,No
9994ha.org.uk,Yes,No
9994g9.org.uk,Yes,No
9994g8.org.uk,,No
9994g7.org.uk,,No
9994g6.org.uk,,No
9994g5.org.uk,,No
9994g4.org.uk,,No
9994g3.org.uk,Yes,No
9994g2.org.uk,Yes,No
9994g1.org.uk,Yes,
9994g0.org.uk,Yes,
9994gz.org.uk,Yes,
9994gy.org.uk,Yes,No
9994gx.org.uk,Yes,
9994gw.org.uk,Yes,No
9994gv.org.uk,Yes,
9994gu.org.uk,Yes,No
9994gt.org.uk,Yes,No
9994gs.org.uk,Yes,No
9994gr.org.uk,Yes,No
9994gq.org.uk,Yes,
9994gp.org.uk,Yes,No
9994go.org.uk,Yes,
9994gn.org.uk,Yes,No
9994gm.org.uk,Yes,
9994gl.org.uk,Yes,
9994gk.org.uk,Yes,No
9994gj.org.uk,,
9994gi.org.uk,,No
9994gh.org.uk,,No
9994gg.org.uk,,No
9994gf.org.uk,,No
9994ge.org.uk,Yes,No
9994gd.org.uk,Yes,
9994gc.org.uk,Yes,
9994gb.org.uk,Yes,No
9994ga.org.uk,Yes,
9994f9.org.uk,,No
9994f8.org.uk,,No
9994f7.org.uk,,No
9994f6.org.uk,,No
9994f5.org.uk,,
9994f4.org.uk,Yes,
9994f3.org.uk,Yes,No
9994f2.org.uk,Yes,
9994f1.org.uk,Yes,No
9994f0.org.uk,Yes,No
9994fz.org.uk,Yes,No
9994fy.org.uk,Yes,
9994fx.org.uk,Yes,
9994fw.org.uk,Yes,No
9994fv.org.uk,Yes,No
9994fu.org.uk,Yes,No
9994ft.org.uk,Yes,No
9994fs.org.uk,Yes,No
9994fr.org.uk,Yes,
9994fq.org.uk,Yes,No
9994fp.org.uk,Yes,No
9994fo.org.uk,Yes,No
9994fn.org.uk,Yes,No
9994fm.org.uk,Yes,
9994fl.org.uk,Yes,No
9994fk.org.uk,Yes,
9994fj.org.uk,Yes,No
9994fi.org.uk,Yes,No
9994fh.org.uk,Yes,
9994fg.org.uk,Yes,
9994ff.org.uk,Yes,
9994fe.org.uk,Yes,No
9994fd.org.uk,Yes,No
9994fc.org.uk,Yes,
9994fb.org.uk,Yes,
9994fa.org.uk,Yes,
9994e9.org.uk,Yes,
9994e8.org.uk,Yes,No
9994e7.org.uk,Yes,
9994e6.org.uk,Yes,
9994e5.org.uk,Yes,
9994e4.org.uk,Yes,No
9994e3.org.uk,Yes,No
9994e2.org.uk,Yes,No
9994e1.org.uk,Yes,No
9994e0.org.uk,Yes,No
9994ez.org.uk,Yes,No
9994ey.org.uk,Yes,
9994ex.org.uk,Yes,No
9994ew.org.uk,Yes,No
9994ev.org.uk,Yes,No
9994eu.org.uk,Yes,
9994et.org.uk,Yes,No
9994es.org.uk,Yes,No
9994er.org.uk,Yes,
9994eq.org.uk,Yes,No
9994ep.org.uk,Yes,
9994eo.org.uk,Yes,No
9994en.org.uk,Yes,
9994em.org.uk,Yes,No
9994el.org.uk,Yes,
9994ek.org.uk,Yes,
9994ej.org.uk,Yes,No
9994ei.org.uk,Yes,
9994eh.org.uk,Yes,No
9994eg.org.uk,Yes,No
9994ef.org.uk,Yes,No
9994ee.org.uk,Yes,No
9994ed.org.uk,Yes,No
9994ec.org.uk,Yes,No
9994eb.org.uk,Yes,No
9994ea.org.uk,Yes,
9994d9.org.uk,Yes,
9994d8.org.uk,Yes,
9994d7.org.uk,Yes,No
9994d6.org.uk,,
9994d5.org.uk,,
9994d4.org.uk,Yes,No
9994d3.org.uk,Yes,No
9994d2.org.uk,Yes,
9994d1.org.uk,Yes,No
9994d0.org.uk,Yes,No
9994dz.org.uk,Yes,No
9994dy.org.uk,Yes,No
9994dx.org.uk,Yes,
9994dw.org.uk,Yes,No
9994dv.org.uk,Yes,No
9994du.org.uk,Yes,
9994dt.org.uk,Yes,No
9994ds.org.uk,Yes,
9994dr.org.uk,Yes,No
9994dq.org.uk,Yes,No
9994dp.org.uk,Yes,No
9994do.org.uk,Yes,
9994dn.org.uk,Yes,
9994dm.org.uk,Yes,
9994dl.org.uk,Yes,No
9994dk.org.uk,Yes,No
9994dj.org.uk,Yes,No
9994di.org.uk,Yes,No
9994dh.org.uk,Yes,No
9994dg.org.uk,Yes,
9994df.org.uk,Yes,
9994de.org.uk,Yes,
9994dd.org.uk,Yes,No
9994dc.org.uk,Yes,No
9994db.org.uk,Yes,
9994da.org.uk,Yes,
9994c9.org.uk,Yes,
9994c8.org.uk,Yes,No
9994c7.org.uk,Yes,No
9994c6.org.uk,Yes,
9994c5.org.uk,Yes,No
9994c4.org.uk,Yes,
9994c3.org.uk,Yes,No
9994c2.org.uk,Yes,No
9994c1.org.uk,Yes,No
9994c0.org.uk,Yes,No
9994cz.org.uk,Yes,No
9994cy.org.uk,Yes,No
9994cx.org.uk,Yes,
9994cw.org.uk,Yes,
9994cv.org.uk,Yes,
9994cu.org.uk,Yes,No
9994ct.org.uk,Yes,No
9994cs.org.uk,,No
9994cr.org.uk,,No
9994cq.org.uk,,
9994cp.org.uk,,
9994co.org.uk,,
9994cn.org.uk,Yes,No
9994cm.org.uk,Yes,No
9994cl.org.uk,Yes,No
9994ck.org.uk,Yes,No
9994cj.org.uk,Yes,
9994ci.org.uk,,No
9994ch.org.uk,,
9994cg.org.uk,,
9994cf.org.uk,,No
9994ce.org.uk,,
9994cd.org.uk,Yes,No
9994cc.org.uk,Yes,
9994cb.org.uk,Yes,No
9994ca.org.uk,Yes,
9994b9.org.uk,Yes,
9994b8.org.uk,Yes,
9994b7.org.uk,Yes,No
9994b6.org.uk,Yes,
9994b5.org.uk,Yes,No
9994b4.org.uk,Yes,No
9994b3.org.uk,Yes,
9994b2.org.uk,Yes,
9994b1.org.uk,Yes,No
9994b0.org.uk,Yes,No
9994bz.org.uk,Yes,
9994by.org.uk,Yes,
9994bx.org.uk,Yes,No
9994bw.org.uk,Yes,No
9994bv.org.uk,Yes,No
9994bu.org.uk,Yes,No
9994bt.org.uk,Yes,No
9994bs.org.uk,Yes,No
9994br.org.uk,Yes,
9994bq.org.uk,Yes,
9994bp.org.uk,Yes,No
9994bo.org.uk,,
9994bn.org.uk,,
9994bm.org.uk,,No
9994bl.org.uk,,No
9994bk.org.uk,,
9994bj.org.uk,,
9994bi.org.uk,,
9994bh.org.uk,,No
9994bg.org.uk,,
9994bf.org.uk,,No
9994be.org.uk,Yes,No
9994bd.org.uk,Yes,No
9994bc.org.uk,Yes,No
9994bb.org.uk,Yes,
9994ba.org.uk,Yes,
9994a9.org.uk,Yes,No
9994a8.org.uk,Yes,
9994a7.org.uk,Yes,No
9994a6.org.uk,Yes,No
9994a5.org.uk,Yes,No
9994a4.org.uk,,No
9994a3.org.uk,,No
9994a2.org.uk,,No
9994a1.org.uk,,
9994a0.org.uk,,
9994az.org.uk,,No
9994ay.org.uk,,
9994ax.org.uk,,
9994aw.org.uk,,No
9994av.org.uk,,No
9994au.org.uk,Yes,No
9994at.org.uk,Yes,No
9994as.org.uk,Yes,No
9994ar.org.uk,Yes,No
9994aq.org.uk,Yes,No
9994ap.org.uk,Yes,No
9994ao.org.uk,Yes,No
9994an.org.uk,Yes,
9994am.org.uk,Yes,No
9994al.org.uk,Yes,
9994ak.org.uk,Yes,
9994aj.org.uk,Yes,
9994ai.org.uk,Yes,
9994ah.org.uk,Yes,
9994ag.org.uk,Yes,
9994af.org.uk,Yes,No
9994ae.org.uk,Yes,
9994ad.org.uk,Yes,
9994ac.org.uk,Yes,No
9994ab.org.uk,Yes,No
9994aa.org.uk,Yes,
999399.org.uk,Yes,No
999398.org.uk,Yes,
999397.org.uk,Yes,No
999396.org.uk,Yes,
999395.org.uk,Yes,
999394.org.uk,Yes,No
999393.org.uk,Yes,No
999392.org.uk,Yes,
999391.org.uk,Yes,No
999390.org.uk,Yes,No
99939z.org.uk,Yes,
99939y.org.uk,Yes,No
99939x.org.uk,Yes,No
99939w.org.uk,Yes,No
99939v.org.uk,Yes,No
99939u.org.uk,Yes,No
99939t.org.uk,Yes,No
99939s.org.uk,Yes,
99939r.org.uk,Yes,
99939q.org.uk,Yes,No
99939p.org.uk,Yes,
99939o.org.uk,Yes,No
99939n.org.uk,Yes,No
99939m.org.uk,Yes,
99939l.org.uk,Yes,
99939k.org.uk,Yes,
99939j.org.uk,Yes,No
99939i.org.uk,Yes,
99939h.org.uk,Yes,No
99939g.org.uk,Yes,No
99939f.org.uk,Yes,No
99939e.org.uk,Yes,No
99939d.org.uk,Yes,
99939c.org.uk,Yes,No
99939b.org.uk,Yes,No
99939a.org.uk,Yes,
999389.org.uk,Yes,
999388.org.uk,Yes,
999387.org.uk,Yes,No
999386.org.uk,Yes,
999385.org.uk,Yes,No
999384.org.uk,Yes,No
999383.org.uk,Yes,No
999382.org.uk,Yes,
999381.org.uk,Yes,No
999380.org.uk,Yes,No
99938z.org.uk,Yes,
99938y.org.uk,Yes,No
99938x.org.uk,Yes,
99938w.org.uk,Yes,No
99938v.org.uk,Yes,No
99938u.org.uk,Yes,
99938t.org.uk,Yes,
99938s.org.uk,Yes,No
99938r.org.uk,Yes,No
99938q.org.uk,Yes,No
99938p.org.uk,Yes,No
99938o.org.uk,Yes,No
99938n.org.uk,Yes,
99938m.org.uk,Yes,
99938l.org.uk,Yes,No
99938k.org.uk,Yes,No
99938j.org.uk,Yes,No
99938i.org.uk,Yes,
99938h.org.uk,Yes,
99938g.org.uk,Yes,No
99938f.org.uk,Yes,
99938e.org.uk,Yes,
99938d.org.uk,Yes,No
99938c.org.uk,Yes,
99938b.org.uk,Yes,
99938a.org.uk,Yes,
999379.org.uk,Yes,
999378.org.uk,Yes,
999377.org.uk,Yes,
999376.org.uk,Yes,No
999375.org.uk,Yes,
999374.org.uk,Yes,No
999373.org.uk,Yes,
999372.org.uk,Yes,
999371.org.uk,Yes,
999370.org.uk,Yes,
99937z.org.uk,Yes,No
99937y.org.uk,Yes,
99937x.org.uk,Yes,
99937w.org.uk,Yes,No
99937v.org.uk,Yes,
99937u.org.uk,Yes,No
99937t.org.uk,Yes,
99937s.org.uk,Yes,
99937r.org.uk,Yes,
99937q.org.uk,Yes,
99937p.org.uk,Yes,
99937o.org.uk,Yes,No
99937n.org.uk,Yes,No
99937m.org.uk,Yes,
99937l.org.uk,Yes,
99937k.org.uk,Yes,No
99937j.org.uk,Yes,
99937i.org.uk,Yes,No
99937h.org.uk,Yes,
99937g.org.uk,Yes,No
99937f.org.uk,Yes,No
99937e.org.uk,Yes,
99937d.org.uk,Yes,
99937c.org.uk,Yes,
99937b.org.uk,Yes,
99937a.org.uk,Yes,No
999369.org.uk,Yes,
999368.org.uk,Yes,No
999367.org.uk,Yes,No
999366.org.uk,Yes,
999365.org.uk,Yes,
999364.org.uk,Yes,
999363.org.uk,Yes,No
999362.org.uk,Yes,No
999361.org.uk,Yes,
999360.org.uk,Yes,No
99936z.org.uk,Yes,No
99936y.org.uk,Yes,No
99936x.org.uk,Yes,
99936w.org.uk,Yes,
99936v.org.uk,Yes,No
99936u.org.uk,Yes,No
99936t.org.uk,Yes,No
99936s.org.uk,Yes,
99936r.org.uk,Yes,No
99936q.org.uk,Yes,No
99936p.org.uk,Yes,No
99936o.org.uk,Yes,
99936n.org.uk,Yes,No
99936m.org.uk,Yes,
99936l.org.uk,Yes,
99936k.org.uk,Yes,No
99936j.org.uk,Yes,No
99936i.org.uk,Yes,No
99936h.org.uk,Yes,
99936g.org.uk,Yes,
99936f.org.uk,Yes,No
99936e.org.uk,Yes,
99936d.org.uk,Yes,No
99936c.org.uk,Yes,No
99936b.org.uk,Yes,
99936a.org.uk,Yes,
999359.org.uk,Yes,No
999358.org.uk,Yes,
999357.org.uk,Yes,
999356.org.uk,Yes,
999355.org.uk,Yes,No
999354.org.uk,Yes,No
999353.org.uk,Yes,
999352.org.uk,Yes,
999351.org.uk,Yes,No
999350.org.uk,Yes,No
99935z.org.uk,,
99935y.org.uk,,No
99935x.org.uk,,
99935w.org.uk,,
99935v.org.uk,,No
99935u.org.uk,Yes,No
99935t.org.uk,Yes,No
99935s.org.uk,Yes,No
99935r.org.uk,Yes,No
99935q.org.uk,Yes,No
99935p.org.uk,Yes,
99935o.org.uk,Yes,
99935n.org.uk,Yes,No
99935m.org.uk,Yes,No
99935l.org.uk,Yes,No
99935k.org.uk,Yes,
99935j.org.uk,Yes,No
99935i.org.uk,Yes,No
99935h.org.uk,Yes,No
99935g.org.uk,Yes,No
99935f.org.uk,Yes,No
99935e.org.uk,Yes,
99935d.org.uk,Yes,
99935c.org.uk,Yes,
99935b.org.uk,Yes,No
99935a.org.uk,Yes,
999349.org.uk,Yes,
999348.org.uk,Yes,
999347.org.uk,Yes,No
999346.org.uk,Yes,No
999345.org.uk,Yes,No
999344.org.uk,Yes,No
999343.org.uk,Yes,
999342.org.uk,Yes,No
999341.org.uk,Yes,No
999340.org.uk,Yes,
99934z.org.uk,Yes,
99934y.org.uk,Yes,
99934x.org.uk,Yes,No
99934w.org.uk,Yes,
99934v.org.uk,Yes,No
99934u.org.uk,Yes,
99934t.org.uk,Yes,No
99934s.org.uk,Yes,No
99934r.org.uk,Yes,
99934q.org.uk,Yes,
99934p.org.uk,Yes,No
99934o.org.uk,Yes,
99934n.org.uk,Yes,No
99934m.org.uk,Yes,
99934l.org.uk,Yes,
99934k.org.uk,Yes,
99934j.org.uk,Yes,No
99934i.org.uk,Yes,
99934h.org.uk,Yes,No
99934g.org.uk,Yes,
99934f.org.uk,Yes,No
99934e.org.uk,Yes,No
99934d.org.uk,Yes,
99934c.org.uk,Yes,No
99934b.org.uk,Yes,
99934a.org.uk,Yes,
999339.org.uk,Yes,
999338.org.uk,Yes,No
999337.org.uk,Yes,No
999336.org.uk,Yes,
999335.org.uk,Yes,No
999334.org.uk,Yes,No
999333.org.uk,Yes,No
999332.org.uk,Yes,
